{
  "multi-agent-survey:open-question": 1774323557.637833,
  "akari:open-question": 1774323557.637833,
  "akari:horizon-scan": 1774358212.2460752,
  "multi-agent-survey:horizon-scan": 1774323557.637833,
  "multi-agent-survey:self-audit": 1774323557.637833,
  "akari:self-audit": 1774323557.637833,
  "moe:horizon-scan": 1774323557.637833,
  "moe:self-audit": 1774323557.637833,
  "moe:open-question": 1774358212.2460752
}