{
  "multi-agent-survey:open-question": 1774359143.4041257,
  "akari:open-question": 1774359143.4041257,
  "akari:horizon-scan": 1774358212.2460752,
  "multi-agent-survey:horizon-scan": 1774359143.4041257,
  "multi-agent-survey:self-audit": 1774359143.4041257,
  "akari:self-audit": 1774359533.8880599,
  "moe:horizon-scan": 1774359533.8880599,
  "moe:self-audit": 1774359533.8880599,
  "moe:open-question": 1774358212.2460752
}